{"cameraMode":{"drawMode":0,"name":"Shaded","section":"Shading Mode"},"sceneLighting":true,"audioPlay":false,"sceneViewState":{"m_AlwaysRefresh":false,"showFog":true,"showSkybox":true,"showFlares":true,"showImageEffects":true,"showParticleSystems":true,"showVisualEffectGraphs":true,"m_FxEnabled":true},"in2DMode":false,"pivot":{"x":15.822463035583496,"y":2.6943724155426027,"z":28.09069061279297},"rotation":{"x":0.047369107604026797,"y":0.9524675011634827,"z":-0.20180854201316834,"w":0.22340711951255799},"size":0.26861754059791567,"orthographic":false}